Tfs|VSTS
Adam Coulter	 | 	Adam Coulter
Mark West <APRA\mwest>	 | 	Adam Coulter
snazir	 | 	Shirin Nazir
Shyam Devineni	 | 	s.a.Devineni
Mark West	 | 	Adam Coulter
lchandra	 | 	Adam Coulter
kkamel	 | 	khaled kamel
rkandpal	 | 	Adam Coulter
jdiaz	 | 	Jeny Diaz
Ravi Achhwani	 | 	Ravi Achhwani
skanagaraj	 | 	siva kanagaraj
jszymanski	 | 	John Szymanski
MPadmanabhan	 | 	Adam Coulter
Shelvin Pandirikkal	 | 	Adam Coulter
MCalokerinos	 | 	Maria Calokerinos
rpratap	 | 	Adam Coulter
iwood	 | 	Ian Wood
tpannila	 | 	Tara Pannila
Mary Ann Tabuena	 | 	Mary Ann Tabuena
RGogoi	 | 	Raja Gogoi
ejeregui	 | 	Elena Jeregui
rkasi	 | 	Adam Coulter
rmichael	 | 	Robert Michael
ssaini	 | 	Sundeep Kaur Saini
Paula Hollander	 | 	Paula.Hollander
Arun Renganathan	 | 	Arun Renganathan
Jagan Arumugam	 | 	Jagan Arumugam
Kyaw Zayya Oo	 | 	Kyaw Zayya Oo
Geetha Subramanian	 | 	Adam Coulter
mkaine	 | 	Matt Kaine
Kartik Bhatt	 | 	Adam Coulter
Roman Antchik	 | 	Roman Antchik
Winson Choo	 | 	Winson Choo
Abhijit Chodankar	 | 	Abhijit Chodankar
Saravana Malaikani	 | 	Saravanan Malaikani
skumar	 | 	Sathish Kumar Sermadurai
Kumar Sermadurai, S	 | 	Sathish Kumar Sermadurai
Saurabh Gupta	 | 	Saurabh Gupta
Mark West <APRACLOUD\MWest>	 | 	Adam Coulter
ppandya	 | 	Adam Coulter
Kalairajan Subramani	 | 	Adam Coulter
Pooja Goel	 | 	Pooja Goel
Poornima Santhamoorthy	 | 	Poornima Santhamoorthy
Irudaya Premkumar	 | 	Prem Vivek
sbalraj	 | 	Adam Coulter
rantchik	 | 	Roman Antchik
sdevineni	 | 	s.a.devineni
Amit Kumar Jain	 | 	Adam Coulter
Margaret Ping Zou	 | 	Adam Coulter
mdey	 | 	Adam Coulter
mfranklin	 | 	Mandy Franklin
kkrishnan	 | 	Kumaresan Krishnan
